[
  { "telefone": 2000, "nome": "Vania Blu", "local": "Blumenau" },
  { "telefone": 2001, "nome": "Fabio Blu", "local": "Blumenau" },
  { "telefone": 2002, "nome": "Amarildo Blu", "local": "Blumenau" },
  { "telefone": 2003, "nome": "Emerson Blu", "local": "Blumenau" },

  { "telefone": 4801, "nome": "Alberto San", "local": "São Paulo" },
  { "telefone": 4803, "nome": "Gerson R", "local": "São Paulo" },
  { "telefone": 4808, "nome": "Sala Financ", "local": "São Paulo" },
  { "telefone": 4809, "nome": "Djalma San", "local": "São Paulo" },
  { "telefone": 4810, "nome": "Christian M", "local": "São Paulo" },
  { "telefone": 4811, "nome": "Sala Reuniã", "local": "São Paulo" },
  { "telefone": 4813, "nome": "Paulo Marco", "local": "São Paulo" },
  { "telefone": 4814, "nome": "Paulo Rango", "local": "São Paulo" },
  { "telefone": 4815, "nome": "Verônica Vi", "local": "São Paulo" },
  { "telefone": 4816, "nome": "Gilberto Sede", "local": "São Paulo" },
  { "telefone": 4817, "nome": "Wesley J", "local": "São Paulo" },
  { "telefone": 4818, "nome": "Dadalto Sede", "local": "São Paulo" },
  { "telefone": 4819, "nome": "Rose Sede", "local": "São Paulo" },
  { "telefone": 4820, "nome": "Georgete Sede", "local": "São Paulo" },
  { "telefone": 4822, "nome": "Regina Pire", "local": "São Paulo" },
  { "telefone": 4830, "nome": "Larissa Sede", "local": "São Paulo" },
  { "telefone": 4831, "nome": "Maria Eduar", "local": "São Paulo" },
  { "telefone": 4833, "nome": "Debora Ragu", "local": "São Paulo" },
  { "telefone": 4834, "nome": "Rafael S.", "local": "São Paulo" },
  { "telefone": 4837, "nome": "Renata Bapt", "local": "São Paulo" },
  { "telefone": 4843, "nome": "Ricardo T.", "local": "São Paulo" },
  { "telefone": 4844, "nome": "Thiago Lima", "local": "São Paulo" },
  { "telefone": 4845, "nome": "Americ BKP", "local": "São Paulo" },
  { "telefone": 4850, "nome": "Mauro Ferna", "local": "São Paulo" },
  { "telefone": 4852, "nome": "Angelica Sede", "local": "São Paulo" },
  { "telefone": 4855, "nome": "Pamela Assi", "local": "São Paulo" },
  { "telefone": 4860, "nome": "Informatica Sede", "local": "São Paulo" },
  { "telefone": 4862, "nome": "Sala Audito", "local": "São Paulo" },
  { "telefone": 4864, "nome": "Suporte\/Ven Sede", "local": "São Paulo" },
  { "telefone": 4865, "nome": "Jose Rangel", "local": "São Paulo" },
  { "telefone": 4866, "nome": "Portaria Sede", "local": "São Paulo" },
  { "telefone": 4867, "nome": "Adilson Oli", "local": "São Paulo" },
  { "telefone": 4868, "nome": "Helena Bear", "local": "São Paulo" },
  { "telefone": 4869, "nome": "Marcelo Mar", "local": "São Paulo" },
  { "telefone": 4870, "nome": "Andrea Sant", "local": "São Paulo" },
  { "telefone": 4871, "nome": "Luiz Henriq", "local": "São Paulo" },
  { "telefone": 4872, "nome": "Gladson Sede", "local": "São Paulo" },
  { "telefone": 4873, "nome": "Ibere Freit", "local": "São Paulo" },
  { "telefone": 4874, "nome": "André Costa", "local": "São Paulo" },
  { "telefone": 4876, "nome": "Pedro Vilel", "local": "São Paulo" },
  { "telefone": 4877, "nome": "Daniella Az", "local": "São Paulo" },
  { "telefone": 4878, "nome": "Daniel Sede", "local": "São Paulo" },
  { "telefone": 4879, "nome": "Fernanda Co", "local": "São Paulo" },
  { "telefone": 4882, "nome": "Cristiana S", "local": "São Paulo" },
  { "telefone": 4883, "nome": "Sandra Rosa", "local": "São Paulo" },
  { "telefone": 4884, "nome": "Marcia Sza", "local": "São Paulo" },
  { "telefone": 4886, "nome": "Sara Nascim", "local": "São Paulo" },
  { "telefone": 4889, "nome": "Diego Mende", "local": "São Paulo" },
  { "telefone": 4890, "nome": "Junior Americana", "local": "São Paulo" },
  { "telefone": 4891, "nome": "Bete Americana", "local": "São Paulo" },
  { "telefone": 4892, "nome": "Priscila Ma", "local": "São Paulo" },
  { "telefone": 4894, "nome": "Emerson Bor", "local": "São Paulo" },
  { "telefone": 4895, "nome": "Fabio Marqu", "local": "São Paulo" },
  { "telefone": 4896, "nome": "Sala Reuniã", "local": "São Paulo" },
  { "telefone": 4897, "nome": "Sala Reuniã", "local": "São Paulo" },

  { "telefone": 5000, "nome": "Portaria", "local": "Alfenas" },
  { "telefone": 5002, "nome": "Rodrigo Oliveira", "local": "Alfenas" },
  { "telefone": 5003, "nome": "Hellen Oliveira", "local": "Alfenas" },
  { "telefone": 5004, "nome": "Thiago Salvioli", "local": "Alfenas" },
  { "telefone": 5006, "nome": "Controle Proc", "local": "Alfenas" },
  { "telefone": 5007, "nome": "Armazém ", "local": "Alfenas" },
  { "telefone": 5008, "nome": "Anisio Pereira", "local": "Alfenas" },
  { "telefone": 5009, "nome": "Paulo Albino", "local": "Alfenas" },
  { "telefone": 5010, "nome": "Utilidades ", "local": "Alfenas" },
  { "telefone": 5011, "nome": "Cred -", "local": "Alfenas" },
  { "telefone": 5012, "nome": "Camilly Santos", "local": "Alfenas" },
  { "telefone": 5013, "nome": "Danielle Alves", "local": "Alfenas" },
  { "telefone": 5014, "nome": "Fernando Vianna", "local": "Alfenas" },
  { "telefone": 5020, "nome": "SL. Treinomento", "local": "Alfenas" },
  { "telefone": 5024, "nome": "Eletrica ", "local": "Alfenas" },
  { "telefone": 5025, "nome": "Acesso Remoto", "local": "Alfenas" },
  { "telefone": 5026, "nome": "Sl. Reunião", "local": "Alfenas" },
  { "telefone": 5027, "nome": "Mecanica Qualida", "local": "Alfenas" },
  { "telefone": 5029, "nome": "Transbueno ", "local": "Alfenas" },
  { "telefone": 5030, "nome": "SL Reunião PQ", "local": "Alfenas" },
  { "telefone": 5031, "nome": "Rose RH", "local": "Alfenas" },
  { "telefone": 5032, "nome": "Limpeza ", "local": "Alfenas" },
  { "telefone": 5033, "nome": "Denis ", "local": "Alfenas" },
  { "telefone": 5034, "nome": "Oficina Eletrica", "local": "Alfenas" },
  { "telefone": 5035, "nome": "Oficina Eletrica", "local": "Alfenas" },
  { "telefone": 5036, "nome": "Alex Pereira", "local": "Alfenas" },
  { "telefone": 5037, "nome": "Sup. Escolha", "local": "Alfenas" },
  { "telefone": 5038, "nome": "Sub-Estação Móve", "local": "Alfenas" },
  { "telefone": 5039, "nome": "Michel ", "local": "Alfenas" },
  { "telefone": 5040, "nome": "Sup. Escolha", "local": "Alfenas" },
  { "telefone": 5041, "nome": "Op. Utilidades", "local": "Alfenas" },
  { "telefone": 5042, "nome": "Luciano Vieira", "local": "Alfenas" },
  { "telefone": 5043, "nome": "Afranio Carvalho", "local": "Alfenas" },
  { "telefone": 5044, "nome": "Fernanda Alves", "local": "Alfenas" },
  { "telefone": 5045, "nome": "Oficina Mecanica", "local": "Alfenas" },
  { "telefone": 5046, "nome": "Djalma Rossim", "local": "Alfenas" },
  { "telefone": 5047, "nome": "Gleyber ", "local": "Alfenas" },
  { "telefone": 5048, "nome": "Vanderlei ", "local": "Alfenas" },
  { "telefone": 5049, "nome": "Mylena Calixto", "local": "Alfenas" },
  { "telefone": 5052, "nome": "Fernanda Silva", "local": "Alfenas" },
  { "telefone": 5054, "nome": "Denise Pereira", "local": "Alfenas" },
  { "telefone": 5055, "nome": "Juliana ", "local": "Alfenas" },
  { "telefone": 5056, "nome": "Anisio ", "local": "Alfenas" },
  { "telefone": 5058, "nome": "Hebert Cabral", "local": "Alfenas" },
  { "telefone": 5059, "nome": "Almoxarifado 1", "local": "Alfenas" },
  { "telefone": 5062, "nome": "Restaurante Mov.", "local": "Alfenas" },
  { "telefone": 5063, "nome": "Sup Carregamento", "local": "Alfenas" },
  { "telefone": 5064, "nome": "Restaurante ", "local": "Alfenas" },
  { "telefone": 5065, "nome": "Vinicius ", "local": "Alfenas" },
  { "telefone": 5066, "nome": "Médica ", "local": "Alfenas" },
  { "telefone": 5067, "nome": "Fisioterapeuta ", "local": "Alfenas" },
  { "telefone": 5068, "nome": "Renata Carvalho", "local": "Alfenas" },
  { "telefone": 5069, "nome": "Almoxarifado 2", "local": "Alfenas" },
  { "telefone": 5071, "nome": "Sup. Produção", "local": "Alfenas" },
  { "telefone": 5072, "nome": "Fernando Ribeiro", "local": "Alfenas" },
  { "telefone": 5073, "nome": "Controle Proc.", "local": "Alfenas" },
  { "telefone": 5074, "nome": "Marco -", "local": "Alfenas" },
  { "telefone": 5075, "nome": "Fernando Ribeiro", "local": "Alfenas" },
  { "telefone": 5076, "nome": "Reverson ", "local": "Alfenas" },
  { "telefone": 5077, "nome": "Adriano Reis", "local": "Alfenas" },
  { "telefone": 5078, "nome": "Mecanica Troca", "local": "Alfenas" },
  { "telefone": 5079, "nome": "Mec. Preventiva", "local": "Alfenas" },
  { "telefone": 5080, "nome": "Mecanica Planta", "local": "Alfenas" },
  { "telefone": 5082, "nome": "Marcelo Araujo", "local": "Alfenas" },
  { "telefone": 5083, "nome": "Wellington ", "local": "Alfenas" },
  { "telefone": 5084, "nome": "Regina ", "local": "Alfenas" },
  { "telefone": 5085, "nome": "Natália Machado", "local": "Alfenas" },
  { "telefone": 5087, "nome": "Luana Freire", "local": "Alfenas" },
  { "telefone": 5088, "nome": "Sl.Reun.Prod.PQ ", "local": "Alfenas" },
  { "telefone": 5089, "nome": "Ricardo Baldoni", "local": "Alfenas" },
  { "telefone": 5090, "nome": "Amanda Wada", "local": "Alfenas" },
  { "telefone": 5091, "nome": "Sl.Reun.Prod ", "local": "Alfenas" },
  { "telefone": 5092, "nome": "Wagner Guedes", "local": "Alfenas" },
  { "telefone": 5093, "nome": "Bruna Silva", "local": "Alfenas" },
  { "telefone": 5094, "nome": "Daniel Cortez", "local": "Alfenas" },
  { "telefone": 5097, "nome": "Sebastião Filho", "local": "Alfenas" },
  { "telefone": 5098, "nome": "Escritorio M.P", "local": "Alfenas" },
  { "telefone": 5099, "nome": "Charles ", "local": "Alfenas" },
  { "telefone": 5100, "nome": "Fabio Almas", "local": "Alfenas" },
  { "telefone": 5101, "nome": "Suzete Noronha", "local": "Alfenas" },
  { "telefone": 5103, "nome": "Thiago Herculano", "local": "Alfenas" },
  { "telefone": 5104, "nome": "Helton Souza", "local": "Alfenas" },
  { "telefone": 5106, "nome": "CPD_Fabrica ", "local": "Alfenas" },
  { "telefone": 5107, "nome": "Lucas Fernan", "local": "Alfenas" },
  { "telefone": 5108, "nome": "Sub-Estação ", "local": "Alfenas" },
  { "telefone": 5109, "nome": "Marcelo Silva", "local": "Alfenas" },
  { "telefone": 5110, "nome": "Mariane ", "local": "Alfenas" },
  { "telefone": 5112, "nome": "Rodolfo Souza", "local": "Alfenas" },
  { "telefone": 5113, "nome": "Laboratorio ", "local": "Alfenas" },
  { "telefone": 5114, "nome": "Estagiário T.I", "local": "Alfenas" },
  { "telefone": 5115, "nome": "José Elisio", "local": "Alfenas" },
  { "telefone": 5116, "nome": "Ana Caproni", "local": "Alfenas" },
  { "telefone": 5117, "nome": "Balança Rod", "local": "Alfenas" },
  { "telefone": 5120, "nome": "Portaria ", "local": "Alfenas" },
  { "telefone": 5121, "nome": "Alexandre ", "local": "Alfenas" },
  { "telefone": 5122, "nome": "Mecânico Turno", "local": "Alfenas" },
  { "telefone": 5125, "nome": "Totem A03", "local": "Alfenas" },
  { "telefone": 5126, "nome": "Totem A10", "local": "Alfenas" },
  { "telefone": 5127, "nome": "Totem C10", "local": "Alfenas" },
  { "telefone": 5128, "nome": "Totem C03", "local": "Alfenas" },
  { "telefone": 5129, "nome": "Armazém PA", "local": "Alfenas" },
  { "telefone": 5139, "nome": "Vandeir Carvalho", "local": "Alfenas" },
  { "telefone": 5150, "nome": "Alex Correa", "local": "Alfenas" },
  { "telefone": 5151, "nome": "Edilson Menezes", "local": "Alfenas" },
  { "telefone": 5153, "nome": "Jessyka Alves", "local": "Alfenas" },
  { "telefone": 5174, "nome": "Monitor treinam", "local": "Alfenas" },
  { "telefone": 5175, "nome": "Fernanda Pereira", "local": "Alfenas" },
  { "telefone": 5311, "nome": "Balança 11", "local": "Alfenas" }
 ]